metric,pair_scope,hundred_relation,number_gap_bin,pair_count,finite_pair_count,nonfinite_pair_count,parent_count,median,p25,p75,p90,unit,inference
geometry,all,all,0,0,0,0,0,,,,,metres_mean_aligned_point_distance,descriptive_dependent_pairs
topology,all,all,0,0,0,0,0,,,,,Jaccard_dissimilarity_0_to_1,descriptive_dependent_pairs
geometry,all,all,1–9,2046,2046,0,373,6875.19116211,3696.54656982,12961.5266113,22010.3476562,metres_mean_aligned_point_distance,descriptive_dependent_pairs
topology,all,all,1–9,2046,2046,0,373,1,0.984905034304,1,1,Jaccard_dissimilarity_0_to_1,descriptive_dependent_pairs
geometry,all,all,10–49,7852,7852,0,376,10054.6728516,5024.32348633,17817.6367188,27083.6988281,metres_mean_aligned_point_distance,descriptive_dependent_pairs
topology,all,all,10–49,7852,7852,0,376,1,1,1,1,Jaccard_dissimilarity_0_to_1,descriptive_dependent_pairs
geometry,all,all,50–99,7205,7205,0,376,12340.0947266,6789.56054688,20086.0429688,29965.2183594,metres_mean_aligned_point_distance,descriptive_dependent_pairs
topology,all,all,50–99,7205,7205,0,376,1,1,1,1,Jaccard_dissimilarity_0_to_1,descriptive_dependent_pairs
geometry,all,all,100–299,19873,19873,0,376,11346.2060547,6065.20849609,18657.4902344,26893.4261719,metres_mean_aligned_point_distance,descriptive_dependent_pairs
topology,all,all,100–299,19873,19873,0,376,1,1,1,1,Jaccard_dissimilarity_0_to_1,descriptive_dependent_pairs
geometry,all,all,≥300,33900,33900,0,377,10894.5732422,6272.20129395,16299.1728516,22376.0148437,metres_mean_aligned_point_distance,descriptive_dependent_pairs
topology,all,all,≥300,33900,33900,0,377,1,1,1,1,Jaccard_dissimilarity_0_to_1,descriptive_dependent_pairs
geometry,all,same_hundred,0,0,0,0,0,,,,,metres_mean_aligned_point_distance,descriptive_dependent_pairs
topology,all,same_hundred,0,0,0,0,0,,,,,Jaccard_dissimilarity_0_to_1,descriptive_dependent_pairs
geometry,all,same_hundred,1–9,1960,1960,0,372,6811.00854492,3656.86212158,12913.9833984,22271.7326172,metres_mean_aligned_point_distance,descriptive_dependent_pairs
topology,all,same_hundred,1–9,1960,1960,0,372,1,0.983706533909,1,1,Jaccard_dissimilarity_0_to_1,descriptive_dependent_pairs
geometry,all,same_hundred,10–49,5775,5775,0,370,8665.01074219,4531.6015625,15927.7753906,24400.5304688,metres_mean_aligned_point_distance,descriptive_dependent_pairs
topology,all,same_hundred,10–49,5775,5775,0,370,1,1,1,1,Jaccard_dissimilarity_0_to_1,descriptive_dependent_pairs
geometry,all,same_hundred,50–99,2332,2332,0,346,10249.0126953,5267.09887695,18046.2412109,27794.2412109,metres_mean_aligned_point_distance,descriptive_dependent_pairs
topology,all,same_hundred,50–99,2332,2332,0,346,1,1,1,1,Jaccard_dissimilarity_0_to_1,descriptive_dependent_pairs
geometry,all,same_hundred,100–299,0,0,0,0,,,,,metres_mean_aligned_point_distance,descriptive_dependent_pairs
topology,all,same_hundred,100–299,0,0,0,0,,,,,Jaccard_dissimilarity_0_to_1,descriptive_dependent_pairs
geometry,all,same_hundred,≥300,0,0,0,0,,,,,metres_mean_aligned_point_distance,descriptive_dependent_pairs
topology,all,same_hundred,≥300,0,0,0,0,,,,,Jaccard_dissimilarity_0_to_1,descriptive_dependent_pairs
geometry,all,cross_hundred,0,0,0,0,0,,,,,metres_mean_aligned_point_distance,descriptive_dependent_pairs
topology,all,cross_hundred,0,0,0,0,0,,,,,Jaccard_dissimilarity_0_to_1,descriptive_dependent_pairs
geometry,all,cross_hundred,1–9,86,86,0,51,9588.73876953,5020.03540039,13120.9104004,18332.9941406,metres_mean_aligned_point_distance,descriptive_dependent_pairs
topology,all,cross_hundred,1–9,86,86,0,51,1,1,1,1,Jaccard_dissimilarity_0_to_1,descriptive_dependent_pairs
geometry,all,cross_hundred,10–49,2077,2077,0,300,14461.8994141,7890.03613281,22966.9550781,31899.3636719,metres_mean_aligned_point_distance,descriptive_dependent_pairs
topology,all,cross_hundred,10–49,2077,2077,0,300,1,1,1,1,Jaccard_dissimilarity_0_to_1,descriptive_dependent_pairs
geometry,all,cross_hundred,50–99,4873,4873,0,359,13287.3310547,7701.65478516,20996.2753906,30334.6164062,metres_mean_aligned_point_distance,descriptive_dependent_pairs
topology,all,cross_hundred,50–99,4873,4873,0,359,1,1,1,1,Jaccard_dissimilarity_0_to_1,descriptive_dependent_pairs
geometry,all,cross_hundred,100–299,19873,19873,0,376,11346.2060547,6065.20849609,18657.4902344,26893.4261719,metres_mean_aligned_point_distance,descriptive_dependent_pairs
topology,all,cross_hundred,100–299,19873,19873,0,376,1,1,1,1,Jaccard_dissimilarity_0_to_1,descriptive_dependent_pairs
geometry,all,cross_hundred,≥300,33900,33900,0,377,10894.5732422,6272.20129395,16299.1728516,22376.0148437,metres_mean_aligned_point_distance,descriptive_dependent_pairs
topology,all,cross_hundred,≥300,33900,33900,0,377,1,1,1,1,Jaccard_dissimilarity_0_to_1,descriptive_dependent_pairs
geometry,different_city,all,0,0,0,0,0,,,,,metres_mean_aligned_point_distance,descriptive_dependent_pairs
topology,different_city,all,0,0,0,0,0,,,,,Jaccard_dissimilarity_0_to_1,descriptive_dependent_pairs
geometry,different_city,all,1–9,348,348,0,203,8690.21582031,5230.12280273,12025.4980469,17177.746875,metres_mean_aligned_point_distance,descriptive_dependent_pairs
topology,different_city,all,1–9,348,348,0,203,1,1,1,1,Jaccard_dissimilarity_0_to_1,descriptive_dependent_pairs
geometry,different_city,all,10–49,2246,2246,0,344,10588.409668,6399.96337891,15558.2629395,20188.7041016,metres_mean_aligned_point_distance,descriptive_dependent_pairs
topology,different_city,all,10–49,2246,2246,0,344,1,1,1,1,Jaccard_dissimilarity_0_to_1,descriptive_dependent_pairs
geometry,different_city,all,50–99,1993,1993,0,343,12136.5947266,8019.83203125,16762.0410156,22631.5980469,metres_mean_aligned_point_distance,descriptive_dependent_pairs
topology,different_city,all,50–99,1993,1993,0,343,1,1,1,1,Jaccard_dissimilarity_0_to_1,descriptive_dependent_pairs
geometry,different_city,all,100–299,8491,8491,0,376,13000.9580078,8227.07666016,18565.5234375,25458.9960938,metres_mean_aligned_point_distance,descriptive_dependent_pairs
topology,different_city,all,100–299,8491,8491,0,376,1,1,1,1,Jaccard_dissimilarity_0_to_1,descriptive_dependent_pairs
geometry,different_city,all,≥300,22148,22148,0,377,12515.8764648,8347.3684082,17559.2998047,23024.965625,metres_mean_aligned_point_distance,descriptive_dependent_pairs
topology,different_city,all,≥300,22148,22148,0,377,1,1,1,1,Jaccard_dissimilarity_0_to_1,descriptive_dependent_pairs
geometry,different_city,same_hundred,0,0,0,0,0,,,,,metres_mean_aligned_point_distance,descriptive_dependent_pairs
topology,different_city,same_hundred,0,0,0,0,0,,,,,Jaccard_dissimilarity_0_to_1,descriptive_dependent_pairs
geometry,different_city,same_hundred,1–9,311,311,0,184,8448.5078125,5112.91845703,11373.4799805,16866.7773438,metres_mean_aligned_point_distance,descriptive_dependent_pairs
topology,different_city,same_hundred,1–9,311,311,0,184,1,1,1,1,Jaccard_dissimilarity_0_to_1,descriptive_dependent_pairs
geometry,different_city,same_hundred,10–49,1507,1507,0,282,9115.84960938,5528.5012207,13665.4130859,17770.9566406,metres_mean_aligned_point_distance,descriptive_dependent_pairs
topology,different_city,same_hundred,10–49,1507,1507,0,282,1,1,1,1,Jaccard_dissimilarity_0_to_1,descriptive_dependent_pairs
geometry,different_city,same_hundred,50–99,487,487,0,213,10642.9277344,6782.05712891,14550.8618164,18665.040625,metres_mean_aligned_point_distance,descriptive_dependent_pairs
topology,different_city,same_hundred,50–99,487,487,0,213,1,1,1,1,Jaccard_dissimilarity_0_to_1,descriptive_dependent_pairs
geometry,different_city,same_hundred,100–299,0,0,0,0,,,,,metres_mean_aligned_point_distance,descriptive_dependent_pairs
topology,different_city,same_hundred,100–299,0,0,0,0,,,,,Jaccard_dissimilarity_0_to_1,descriptive_dependent_pairs
geometry,different_city,same_hundred,≥300,0,0,0,0,,,,,metres_mean_aligned_point_distance,descriptive_dependent_pairs
topology,different_city,same_hundred,≥300,0,0,0,0,,,,,Jaccard_dissimilarity_0_to_1,descriptive_dependent_pairs
geometry,different_city,cross_hundred,0,0,0,0,0,,,,,metres_mean_aligned_point_distance,descriptive_dependent_pairs
topology,different_city,cross_hundred,0,0,0,0,0,,,,,Jaccard_dissimilarity_0_to_1,descriptive_dependent_pairs
geometry,different_city,cross_hundred,1–9,37,37,0,24,11464.2851562,8689.58300781,16062.0869141,19010.8144531,metres_mean_aligned_point_distance,descriptive_dependent_pairs
topology,different_city,cross_hundred,1–9,37,37,0,24,1,1,1,1,Jaccard_dissimilarity_0_to_1,descriptive_dependent_pairs
geometry,different_city,cross_hundred,10–49,739,739,0,174,13842.7158203,9035.8125,18570.6230469,24206.8554688,metres_mean_aligned_point_distance,descriptive_dependent_pairs
topology,different_city,cross_hundred,10–49,739,739,0,174,1,1,1,1,Jaccard_dissimilarity_0_to_1,descriptive_dependent_pairs
geometry,different_city,cross_hundred,50–99,1506,1506,0,282,12771.3461914,8557.85961914,17627.0961914,23298.3876953,metres_mean_aligned_point_distance,descriptive_dependent_pairs
topology,different_city,cross_hundred,50–99,1506,1506,0,282,1,1,1,1,Jaccard_dissimilarity_0_to_1,descriptive_dependent_pairs
geometry,different_city,cross_hundred,100–299,8491,8491,0,376,13000.9580078,8227.07666016,18565.5234375,25458.9960938,metres_mean_aligned_point_distance,descriptive_dependent_pairs
topology,different_city,cross_hundred,100–299,8491,8491,0,376,1,1,1,1,Jaccard_dissimilarity_0_to_1,descriptive_dependent_pairs
geometry,different_city,cross_hundred,≥300,22148,22148,0,377,12515.8764648,8347.3684082,17559.2998047,23024.965625,metres_mean_aligned_point_distance,descriptive_dependent_pairs
topology,different_city,cross_hundred,≥300,22148,22148,0,377,1,1,1,1,Jaccard_dissimilarity_0_to_1,descriptive_dependent_pairs
geometry,within_NewTaipei,all,0,0,0,0,0,,,,,metres_mean_aligned_point_distance,descriptive_dependent_pairs
topology,within_NewTaipei,all,0,0,0,0,0,,,,,Jaccard_dissimilarity_0_to_1,descriptive_dependent_pairs
geometry,within_NewTaipei,all,1–9,1074,1074,0,195,10475.2617188,3840.77148438,19112.0351562,28223.8980469,metres_mean_aligned_point_distance,descriptive_dependent_pairs
topology,within_NewTaipei,all,1–9,1074,1074,0,195,1,0.9697727561,1,1,Jaccard_dissimilarity_0_to_1,descriptive_dependent_pairs
geometry,within_NewTaipei,all,10–49,3670,3670,0,205,15829.265625,7797.03051758,24473.1381836,36239.9433594,metres_mean_aligned_point_distance,descriptive_dependent_pairs
topology,within_NewTaipei,all,10–49,3670,3670,0,205,1,1,1,1,Jaccard_dissimilarity_0_to_1,descriptive_dependent_pairs
geometry,within_NewTaipei,all,50–99,3776,3776,0,206,17109.3662109,9606.31176758,25224.5732422,38007.6035156,metres_mean_aligned_point_distance,descriptive_dependent_pairs
topology,within_NewTaipei,all,50–99,3776,3776,0,206,1,1,1,1,Jaccard_dissimilarity_0_to_1,descriptive_dependent_pairs
geometry,within_NewTaipei,all,100–299,7628,7628,0,206,14476.8139648,7194.43041992,22966.8256836,35178.6386719,metres_mean_aligned_point_distance,descriptive_dependent_pairs
topology,within_NewTaipei,all,100–299,7628,7628,0,206,1,1,1,1,Jaccard_dissimilarity_0_to_1,descriptive_dependent_pairs
geometry,within_NewTaipei,all,≥300,4967,4967,0,206,12052.2578125,6395.6015625,19495.8144531,27394.4617188,metres_mean_aligned_point_distance,descriptive_dependent_pairs
topology,within_NewTaipei,all,≥300,4967,4967,0,206,1,1,1,1,Jaccard_dissimilarity_0_to_1,descriptive_dependent_pairs
geometry,within_NewTaipei,same_hundred,0,0,0,0,0,,,,,metres_mean_aligned_point_distance,descriptive_dependent_pairs
topology,within_NewTaipei,same_hundred,0,0,0,0,0,,,,,Jaccard_dissimilarity_0_to_1,descriptive_dependent_pairs
geometry,within_NewTaipei,same_hundred,1–9,1047,1047,0,195,10538.4638672,3875.73132324,19238.4404297,28319.2769531,metres_mean_aligned_point_distance,descriptive_dependent_pairs
topology,within_NewTaipei,same_hundred,1–9,1047,1047,0,195,1,0.970074653625,1,1,Jaccard_dissimilarity_0_to_1,descriptive_dependent_pairs
geometry,within_NewTaipei,same_hundred,10–49,2568,2568,0,203,14530.5136719,6959.10095215,23302.8857422,34729.1441406,metres_mean_aligned_point_distance,descriptive_dependent_pairs
topology,within_NewTaipei,same_hundred,10–49,2568,2568,0,203,1,1,1,1,Jaccard_dissimilarity_0_to_1,descriptive_dependent_pairs
geometry,within_NewTaipei,same_hundred,50–99,1098,1098,0,177,17513.1601562,10543.5512695,24765.0249023,39278.4925781,metres_mean_aligned_point_distance,descriptive_dependent_pairs
topology,within_NewTaipei,same_hundred,50–99,1098,1098,0,177,1,1,1,1,Jaccard_dissimilarity_0_to_1,descriptive_dependent_pairs
geometry,within_NewTaipei,same_hundred,100–299,0,0,0,0,,,,,metres_mean_aligned_point_distance,descriptive_dependent_pairs
topology,within_NewTaipei,same_hundred,100–299,0,0,0,0,,,,,Jaccard_dissimilarity_0_to_1,descriptive_dependent_pairs
geometry,within_NewTaipei,same_hundred,≥300,0,0,0,0,,,,,metres_mean_aligned_point_distance,descriptive_dependent_pairs
topology,within_NewTaipei,same_hundred,≥300,0,0,0,0,,,,,Jaccard_dissimilarity_0_to_1,descriptive_dependent_pairs
geometry,within_NewTaipei,cross_hundred,0,0,0,0,0,,,,,metres_mean_aligned_point_distance,descriptive_dependent_pairs
topology,within_NewTaipei,cross_hundred,0,0,0,0,0,,,,,Jaccard_dissimilarity_0_to_1,descriptive_dependent_pairs
geometry,within_NewTaipei,cross_hundred,1–9,27,27,0,18,5733.16943359,3356.08361816,12392.1308594,15610.4005859,metres_mean_aligned_point_distance,descriptive_dependent_pairs
topology,within_NewTaipei,cross_hundred,1–9,27,27,0,18,1,0.936367213726,1,1,Jaccard_dissimilarity_0_to_1,descriptive_dependent_pairs
geometry,within_NewTaipei,cross_hundred,10–49,1102,1102,0,168,18812.7744141,10357.0212402,27811.171875,37246.9617187,metres_mean_aligned_point_distance,descriptive_dependent_pairs
topology,within_NewTaipei,cross_hundred,10–49,1102,1102,0,168,1,1,1,1,Jaccard_dissimilarity_0_to_1,descriptive_dependent_pairs
geometry,within_NewTaipei,cross_hundred,50–99,2678,2678,0,204,17045.1542969,9304.59838867,25386.2192383,36871.1355469,metres_mean_aligned_point_distance,descriptive_dependent_pairs
topology,within_NewTaipei,cross_hundred,50–99,2678,2678,0,204,1,1,1,1,Jaccard_dissimilarity_0_to_1,descriptive_dependent_pairs
geometry,within_NewTaipei,cross_hundred,100–299,7628,7628,0,206,14476.8139648,7194.43041992,22966.8256836,35178.6386719,metres_mean_aligned_point_distance,descriptive_dependent_pairs
topology,within_NewTaipei,cross_hundred,100–299,7628,7628,0,206,1,1,1,1,Jaccard_dissimilarity_0_to_1,descriptive_dependent_pairs
geometry,within_NewTaipei,cross_hundred,≥300,4967,4967,0,206,12052.2578125,6395.6015625,19495.8144531,27394.4617188,metres_mean_aligned_point_distance,descriptive_dependent_pairs
topology,within_NewTaipei,cross_hundred,≥300,4967,4967,0,206,1,1,1,1,Jaccard_dissimilarity_0_to_1,descriptive_dependent_pairs
geometry,within_Taipei,all,0,0,0,0,0,,,,,metres_mean_aligned_point_distance,descriptive_dependent_pairs
topology,within_Taipei,all,0,0,0,0,0,,,,,Jaccard_dissimilarity_0_to_1,descriptive_dependent_pairs
geometry,within_Taipei,all,1–9,624,624,0,168,4662.53857422,3026.71392822,7003.21289062,10070.9696289,metres_mean_aligned_point_distance,descriptive_dependent_pairs
topology,within_Taipei,all,1–9,624,624,0,168,1,0.988235294819,1,1,Jaccard_dissimilarity_0_to_1,descriptive_dependent_pairs
geometry,within_Taipei,all,10–49,1936,1936,0,170,5045.35986328,3360.49700928,7683.0592041,10120.6591797,metres_mean_aligned_point_distance,descriptive_dependent_pairs
topology,within_Taipei,all,10–49,1936,1936,0,170,1,0.991341501474,1,1,Jaccard_dissimilarity_0_to_1,descriptive_dependent_pairs
geometry,within_Taipei,all,50–99,1436,1436,0,166,5711.23950195,3617.44659424,8993.81762695,12085.84375,metres_mean_aligned_point_distance,descriptive_dependent_pairs
topology,within_Taipei,all,50–99,1436,1436,0,166,1,1,1,1,Jaccard_dissimilarity_0_to_1,descriptive_dependent_pairs
geometry,within_Taipei,all,100–299,3754,3754,0,170,5303.63745117,3276.29223633,8216.5534668,11107.1732422,metres_mean_aligned_point_distance,descriptive_dependent_pairs
topology,within_Taipei,all,100–299,3754,3754,0,170,1,1,1,1,Jaccard_dissimilarity_0_to_1,descriptive_dependent_pairs
geometry,within_Taipei,all,≥300,6785,6785,0,171,5563.43408203,3740.91137695,8589.7890625,11490.7912109,metres_mean_aligned_point_distance,descriptive_dependent_pairs
topology,within_Taipei,all,≥300,6785,6785,0,171,1,1,1,1,Jaccard_dissimilarity_0_to_1,descriptive_dependent_pairs
geometry,within_Taipei,same_hundred,0,0,0,0,0,,,,,metres_mean_aligned_point_distance,descriptive_dependent_pairs
topology,within_Taipei,same_hundred,0,0,0,0,0,,,,,Jaccard_dissimilarity_0_to_1,descriptive_dependent_pairs
geometry,within_Taipei,same_hundred,1–9,602,602,0,168,4591.625,2943.54168701,6886.97741699,9822.77861328,metres_mean_aligned_point_distance,descriptive_dependent_pairs
topology,within_Taipei,same_hundred,1–9,602,602,0,168,1,0.987381324172,1,1,Jaccard_dissimilarity_0_to_1,descriptive_dependent_pairs
geometry,within_Taipei,same_hundred,10–49,1700,1700,0,165,5028.75439453,3318.13897705,7621.90270996,10024.9706055,metres_mean_aligned_point_distance,descriptive_dependent_pairs
topology,within_Taipei,same_hundred,10–49,1700,1700,0,165,1,0.991868287325,1,1,Jaccard_dissimilarity_0_to_1,descriptive_dependent_pairs
geometry,within_Taipei,same_hundred,50–99,747,747,0,125,5068.87402344,3318.65283203,7840.32495117,10542.1908203,metres_mean_aligned_point_distance,descriptive_dependent_pairs
topology,within_Taipei,same_hundred,50–99,747,747,0,125,1,0.991266191006,1,1,Jaccard_dissimilarity_0_to_1,descriptive_dependent_pairs
geometry,within_Taipei,same_hundred,100–299,0,0,0,0,,,,,metres_mean_aligned_point_distance,descriptive_dependent_pairs
topology,within_Taipei,same_hundred,100–299,0,0,0,0,,,,,Jaccard_dissimilarity_0_to_1,descriptive_dependent_pairs
geometry,within_Taipei,same_hundred,≥300,0,0,0,0,,,,,metres_mean_aligned_point_distance,descriptive_dependent_pairs
topology,within_Taipei,same_hundred,≥300,0,0,0,0,,,,,Jaccard_dissimilarity_0_to_1,descriptive_dependent_pairs
geometry,within_Taipei,cross_hundred,0,0,0,0,0,,,,,metres_mean_aligned_point_distance,descriptive_dependent_pairs
topology,within_Taipei,cross_hundred,0,0,0,0,0,,,,,Jaccard_dissimilarity_0_to_1,descriptive_dependent_pairs
geometry,within_Taipei,cross_hundred,1–9,22,22,0,12,7452.3815918,5945.72131348,11472.5556641,12305.1757812,metres_mean_aligned_point_distance,descriptive_dependent_pairs
topology,within_Taipei,cross_hundred,1–9,22,22,0,12,1,1,1,1,Jaccard_dissimilarity_0_to_1,descriptive_dependent_pairs
geometry,within_Taipei,cross_hundred,10–49,236,236,0,82,5223.57348633,3642.30078125,8431.52270508,11211.8222656,metres_mean_aligned_point_distance,descriptive_dependent_pairs
topology,within_Taipei,cross_hundred,10–49,236,236,0,82,1,0.990337491035,1,1,Jaccard_dissimilarity_0_to_1,descriptive_dependent_pairs
geometry,within_Taipei,cross_hundred,50–99,689,689,0,135,6711.90820312,4136.77880859,10128.2011719,12828.2136719,metres_mean_aligned_point_distance,descriptive_dependent_pairs
topology,within_Taipei,cross_hundred,50–99,689,689,0,135,1,1,1,1,Jaccard_dissimilarity_0_to_1,descriptive_dependent_pairs
geometry,within_Taipei,cross_hundred,100–299,3754,3754,0,170,5303.63745117,3276.29223633,8216.5534668,11107.1732422,metres_mean_aligned_point_distance,descriptive_dependent_pairs
topology,within_Taipei,cross_hundred,100–299,3754,3754,0,170,1,1,1,1,Jaccard_dissimilarity_0_to_1,descriptive_dependent_pairs
geometry,within_Taipei,cross_hundred,≥300,6785,6785,0,171,5563.43408203,3740.91137695,8589.7890625,11490.7912109,metres_mean_aligned_point_distance,descriptive_dependent_pairs
topology,within_Taipei,cross_hundred,≥300,6785,6785,0,171,1,1,1,1,Jaccard_dissimilarity_0_to_1,descriptive_dependent_pairs
