comparison,city,population_method,threshold_m,left_beyond,right_beyond,cells,allocated_population
network_minus_straight_mean,Both,all,300,False,False,4351,5578799.03892
network_minus_straight_mean,Both,all,300,False,True,0,0
network_minus_straight_mean,Both,all,300,True,False,821,430638.567143
network_minus_straight_mean,Both,all,300,True,True,875,88158.9087845
network_minus_straight_mean,Both,all,500,False,False,5118,6006222.51876
network_minus_straight_mean,Both,all,500,False,True,0,0
network_minus_straight_mean,Both,all,500,True,False,435,64819.9734133
network_minus_straight_mean,Both,all,500,True,True,494,26554.0226715
network_minus_straight_mean,Both,all,800,False,False,5462,6061006.75797
network_minus_straight_mean,Both,all,800,False,True,0,0
network_minus_straight_mean,Both,all,800,True,False,312,26090.6238037
network_minus_straight_mean,Both,all,800,True,True,273,10499.1330724
network_minus_straight_mean,NewTaipei,all,300,False,False,2829,3405438.26999
network_minus_straight_mean,NewTaipei,all,300,False,True,0,0
network_minus_straight_mean,NewTaipei,all,300,True,False,601,281162.86155
network_minus_straight_mean,NewTaipei,all,300,True,True,742,60229.1211033
network_minus_straight_mean,NewTaipei,all,500,False,False,3373,3678028.86094
network_minus_straight_mean,NewTaipei,all,500,False,True,0,0
network_minus_straight_mean,NewTaipei,all,500,True,False,344,45663.319491
network_minus_straight_mean,NewTaipei,all,500,True,True,455,23138.072213
network_minus_straight_mean,NewTaipei,all,800,False,False,3635,3714752.73893
network_minus_straight_mean,NewTaipei,all,800,False,True,0,0
network_minus_straight_mean,NewTaipei,all,800,True,False,267,21701.582687
network_minus_straight_mean,NewTaipei,all,800,True,True,270,10375.9310307
network_minus_straight_mean,NewTaipei,known_zero,300,False,False,0,0
network_minus_straight_mean,NewTaipei,known_zero,300,False,True,0,0
network_minus_straight_mean,NewTaipei,known_zero,300,True,False,0,0
network_minus_straight_mean,NewTaipei,known_zero,300,True,True,0,0
network_minus_straight_mean,NewTaipei,known_zero,500,False,False,0,0
network_minus_straight_mean,NewTaipei,known_zero,500,False,True,0,0
network_minus_straight_mean,NewTaipei,known_zero,500,True,False,0,0
network_minus_straight_mean,NewTaipei,known_zero,500,True,True,0,0
network_minus_straight_mean,NewTaipei,known_zero,800,False,False,0,0
network_minus_straight_mean,NewTaipei,known_zero,800,False,True,0,0
network_minus_straight_mean,NewTaipei,known_zero,800,True,False,0,0
network_minus_straight_mean,NewTaipei,known_zero,800,True,True,0,0
network_minus_straight_mean,NewTaipei,residential_support,300,False,False,1094,735324.283948
network_minus_straight_mean,NewTaipei,residential_support,300,False,True,0,0
network_minus_straight_mean,NewTaipei,residential_support,300,True,False,338,90690.4039631
network_minus_straight_mean,NewTaipei,residential_support,300,True,True,612,43269.8709162
network_minus_straight_mean,NewTaipei,residential_support,500,False,False,1390,816462.21291
network_minus_straight_mean,NewTaipei,residential_support,500,False,True,0,0
network_minus_straight_mean,NewTaipei,residential_support,500,True,False,253,33187.7246251
network_minus_straight_mean,NewTaipei,residential_support,500,True,True,401,19634.621292
network_minus_straight_mean,NewTaipei,residential_support,800,False,False,1586,841597.326708
network_minus_straight_mean,NewTaipei,residential_support,800,False,True,0,0
network_minus_straight_mean,NewTaipei,residential_support,800,True,False,213,18361.0030536
network_minus_straight_mean,NewTaipei,residential_support,800,True,True,245,9326.2290652
network_minus_straight_mean,NewTaipei,uniform_proxy,300,False,False,1735,2670113.98605
network_minus_straight_mean,NewTaipei,uniform_proxy,300,False,True,0,0
network_minus_straight_mean,NewTaipei,uniform_proxy,300,True,False,263,190472.457587
network_minus_straight_mean,NewTaipei,uniform_proxy,300,True,True,130,16959.2501872
network_minus_straight_mean,NewTaipei,uniform_proxy,500,False,False,1983,2861566.64803
network_minus_straight_mean,NewTaipei,uniform_proxy,500,False,True,0,0
network_minus_straight_mean,NewTaipei,uniform_proxy,500,True,False,91,12475.5948659
network_minus_straight_mean,NewTaipei,uniform_proxy,500,True,True,54,3503.45092099
network_minus_straight_mean,NewTaipei,uniform_proxy,800,False,False,2049,2873155.41222
network_minus_straight_mean,NewTaipei,uniform_proxy,800,False,True,0,0
network_minus_straight_mean,NewTaipei,uniform_proxy,800,True,False,54,3340.57963339
network_minus_straight_mean,NewTaipei,uniform_proxy,800,True,True,25,1049.70196547
network_minus_straight_mean,NewTaipei,unknown,300,False,False,0,0
network_minus_straight_mean,NewTaipei,unknown,300,False,True,0,0
network_minus_straight_mean,NewTaipei,unknown,300,True,False,0,0
network_minus_straight_mean,NewTaipei,unknown,300,True,True,0,0
network_minus_straight_mean,NewTaipei,unknown,500,False,False,0,0
network_minus_straight_mean,NewTaipei,unknown,500,False,True,0,0
network_minus_straight_mean,NewTaipei,unknown,500,True,False,0,0
network_minus_straight_mean,NewTaipei,unknown,500,True,True,0,0
network_minus_straight_mean,NewTaipei,unknown,800,False,False,0,0
network_minus_straight_mean,NewTaipei,unknown,800,False,True,0,0
network_minus_straight_mean,NewTaipei,unknown,800,True,False,0,0
network_minus_straight_mean,NewTaipei,unknown,800,True,True,0,0
network_minus_straight_mean,Taipei,all,300,False,False,1522,2173360.76892
network_minus_straight_mean,Taipei,all,300,False,True,0,0
network_minus_straight_mean,Taipei,all,300,True,False,220,149475.705593
network_minus_straight_mean,Taipei,all,300,True,True,133,27929.7876811
network_minus_straight_mean,Taipei,all,500,False,False,1745,2328193.65782
network_minus_straight_mean,Taipei,all,500,False,True,0,0
network_minus_straight_mean,Taipei,all,500,True,False,91,19156.6539223
network_minus_straight_mean,Taipei,all,500,True,True,39,3415.95045857
network_minus_straight_mean,Taipei,all,800,False,False,1827,2346254.01904
network_minus_straight_mean,Taipei,all,800,False,True,0,0
network_minus_straight_mean,Taipei,all,800,True,False,45,4389.0411167
network_minus_straight_mean,Taipei,all,800,True,True,3,123.202041708
network_minus_straight_mean,Taipei,known_zero,300,False,False,0,0
network_minus_straight_mean,Taipei,known_zero,300,False,True,0,0
network_minus_straight_mean,Taipei,known_zero,300,True,False,0,0
network_minus_straight_mean,Taipei,known_zero,300,True,True,0,0
network_minus_straight_mean,Taipei,known_zero,500,False,False,0,0
network_minus_straight_mean,Taipei,known_zero,500,False,True,0,0
network_minus_straight_mean,Taipei,known_zero,500,True,False,0,0
network_minus_straight_mean,Taipei,known_zero,500,True,True,0,0
network_minus_straight_mean,Taipei,known_zero,800,False,False,0,0
network_minus_straight_mean,Taipei,known_zero,800,False,True,0,0
network_minus_straight_mean,Taipei,known_zero,800,True,False,0,0
network_minus_straight_mean,Taipei,known_zero,800,True,True,0,0
network_minus_straight_mean,Taipei,residential_support,300,False,False,613,718436.078052
network_minus_straight_mean,Taipei,residential_support,300,False,True,0,0
network_minus_straight_mean,Taipei,residential_support,300,True,False,147,81032.2181993
network_minus_straight_mean,Taipei,residential_support,300,True,True,97,11386.5159847
network_minus_straight_mean,Taipei,residential_support,500,False,False,763,800617.229202
network_minus_straight_mean,Taipei,residential_support,500,False,True,0,0
network_minus_straight_mean,Taipei,residential_support,500,True,False,62,8705.24424448
network_minus_straight_mean,Taipei,residential_support,500,True,True,32,1532.33878995
network_minus_straight_mean,Taipei,residential_support,800,False,False,821,808442.749861
network_minus_straight_mean,Taipei,residential_support,800,False,True,0,0
network_minus_straight_mean,Taipei,residential_support,800,True,False,35,2327.06237518
network_minus_straight_mean,Taipei,residential_support,800,True,True,1,85
network_minus_straight_mean,Taipei,uniform_proxy,300,False,False,909,1454924.69087
network_minus_straight_mean,Taipei,uniform_proxy,300,False,True,0,0
network_minus_straight_mean,Taipei,uniform_proxy,300,True,False,73,68443.4873937
network_minus_straight_mean,Taipei,uniform_proxy,300,True,True,36,16543.2716964
network_minus_straight_mean,Taipei,uniform_proxy,500,False,False,982,1527576.42861
network_minus_straight_mean,Taipei,uniform_proxy,500,False,True,0,0
network_minus_straight_mean,Taipei,uniform_proxy,500,True,False,29,10451.4096778
network_minus_straight_mean,Taipei,uniform_proxy,500,True,True,7,1883.61166862
network_minus_straight_mean,Taipei,uniform_proxy,800,False,False,1006,1537811.26918
network_minus_straight_mean,Taipei,uniform_proxy,800,False,True,0,0
network_minus_straight_mean,Taipei,uniform_proxy,800,True,False,10,2061.97874152
network_minus_straight_mean,Taipei,uniform_proxy,800,True,True,2,38.2020417083
network_minus_straight_mean,Taipei,unknown,300,False,False,0,0
network_minus_straight_mean,Taipei,unknown,300,False,True,0,0
network_minus_straight_mean,Taipei,unknown,300,True,False,0,0
network_minus_straight_mean,Taipei,unknown,300,True,True,0,0
network_minus_straight_mean,Taipei,unknown,500,False,False,0,0
network_minus_straight_mean,Taipei,unknown,500,False,True,0,0
network_minus_straight_mean,Taipei,unknown,500,True,False,0,0
network_minus_straight_mean,Taipei,unknown,500,True,True,0,0
network_minus_straight_mean,Taipei,unknown,800,False,False,0,0
network_minus_straight_mean,Taipei,unknown,800,False,True,0,0
network_minus_straight_mean,Taipei,unknown,800,True,False,0,0
network_minus_straight_mean,Taipei,unknown,800,True,True,0,0
network_minus_straight_p90,Both,all,300,False,False,3831,4834160.33229
network_minus_straight_p90,Both,all,300,False,True,0,0
network_minus_straight_p90,Both,all,300,True,False,1263,1124435.29042
network_minus_straight_p90,Both,all,300,True,True,953,139000.892129
network_minus_straight_p90,Both,all,500,False,False,5028,5973654.24739
network_minus_straight_p90,Both,all,500,False,True,0,0
network_minus_straight_p90,Both,all,500,True,False,509,95229.7934656
network_minus_straight_p90,Both,all,500,True,True,510,28712.4739888
network_minus_straight_p90,Both,all,800,False,False,5434,6056621.39501
network_minus_straight_p90,Both,all,800,False,True,0,0
network_minus_straight_p90,Both,all,800,True,False,334,30257.1647237
network_minus_straight_p90,Both,all,800,True,True,279,10717.9551118
network_minus_straight_p90,NewTaipei,all,300,False,False,2516,2973618.85661
network_minus_straight_p90,NewTaipei,all,300,False,True,0,0
network_minus_straight_p90,NewTaipei,all,300,True,False,866,688505.690527
network_minus_straight_p90,NewTaipei,all,300,True,True,790,84705.7055112
network_minus_straight_p90,NewTaipei,all,500,False,False,3314,3659295.91867
network_minus_straight_p90,NewTaipei,all,500,False,True,0,0
network_minus_straight_p90,NewTaipei,all,500,True,False,391,62385.5014105
network_minus_straight_p90,NewTaipei,all,500,True,True,467,25148.8325652
network_minus_straight_p90,NewTaipei,all,800,False,False,3610,3710718.02374
network_minus_straight_p90,NewTaipei,all,800,False,True,0,0
network_minus_straight_p90,NewTaipei,all,800,True,False,286,25517.4758358
network_minus_straight_p90,NewTaipei,all,800,True,True,276,10594.7530701
network_minus_straight_p90,NewTaipei,known_zero,300,False,False,0,0
network_minus_straight_p90,NewTaipei,known_zero,300,False,True,0,0
network_minus_straight_p90,NewTaipei,known_zero,300,True,False,0,0
network_minus_straight_p90,NewTaipei,known_zero,300,True,True,0,0
network_minus_straight_p90,NewTaipei,known_zero,500,False,False,0,0
network_minus_straight_p90,NewTaipei,known_zero,500,False,True,0,0
network_minus_straight_p90,NewTaipei,known_zero,500,True,False,0,0
network_minus_straight_p90,NewTaipei,known_zero,500,True,True,0,0
network_minus_straight_p90,NewTaipei,known_zero,800,False,False,0,0
network_minus_straight_p90,NewTaipei,known_zero,800,False,True,0,0
network_minus_straight_p90,NewTaipei,known_zero,800,True,False,0,0
network_minus_straight_p90,NewTaipei,known_zero,800,True,True,0,0
network_minus_straight_p90,NewTaipei,residential_support,300,False,False,971,637428.693814
network_minus_straight_p90,NewTaipei,residential_support,300,False,True,0,0
network_minus_straight_p90,NewTaipei,residential_support,300,True,False,431,180602.96558
network_minus_straight_p90,NewTaipei,residential_support,300,True,True,642,51252.899434
network_minus_straight_p90,NewTaipei,residential_support,500,False,False,1346,808851.268194
network_minus_straight_p90,NewTaipei,residential_support,500,False,True,0,0
network_minus_straight_p90,NewTaipei,residential_support,500,True,False,289,39654.4020787
network_minus_straight_p90,NewTaipei,residential_support,500,True,True,409,20778.8885549
network_minus_straight_p90,NewTaipei,residential_support,800,False,False,1565,838460.27249
network_minus_straight_p90,NewTaipei,residential_support,800,False,True,0,0
network_minus_straight_p90,NewTaipei,residential_support,800,True,False,228,21279.2352328
network_minus_straight_p90,NewTaipei,residential_support,800,True,True,251,9545.05110462
network_minus_straight_p90,NewTaipei,uniform_proxy,300,False,False,1545,2336190.16279
network_minus_straight_p90,NewTaipei,uniform_proxy,300,False,True,0,0
network_minus_straight_p90,NewTaipei,uniform_proxy,300,True,False,435,507902.724947
network_minus_straight_p90,NewTaipei,uniform_proxy,300,True,True,148,33452.8060773
network_minus_straight_p90,NewTaipei,uniform_proxy,500,False,False,1968,2850444.65048
network_minus_straight_p90,NewTaipei,uniform_proxy,500,False,True,0,0
network_minus_straight_p90,NewTaipei,uniform_proxy,500,True,False,102,22731.0993317
network_minus_straight_p90,NewTaipei,uniform_proxy,500,True,True,58,4369.94401028
network_minus_straight_p90,NewTaipei,uniform_proxy,800,False,False,2045,2872257.75125
network_minus_straight_p90,NewTaipei,uniform_proxy,800,False,True,0,0
network_minus_straight_p90,NewTaipei,uniform_proxy,800,True,False,58,4238.24060299
network_minus_straight_p90,NewTaipei,uniform_proxy,800,True,True,25,1049.70196547
network_minus_straight_p90,NewTaipei,unknown,300,False,False,0,0
network_minus_straight_p90,NewTaipei,unknown,300,False,True,0,0
network_minus_straight_p90,NewTaipei,unknown,300,True,False,0,0
network_minus_straight_p90,NewTaipei,unknown,300,True,True,0,0
network_minus_straight_p90,NewTaipei,unknown,500,False,False,0,0
network_minus_straight_p90,NewTaipei,unknown,500,False,True,0,0
network_minus_straight_p90,NewTaipei,unknown,500,True,False,0,0
network_minus_straight_p90,NewTaipei,unknown,500,True,True,0,0
network_minus_straight_p90,NewTaipei,unknown,800,False,False,0,0
network_minus_straight_p90,NewTaipei,unknown,800,False,True,0,0
network_minus_straight_p90,NewTaipei,unknown,800,True,False,0,0
network_minus_straight_p90,NewTaipei,unknown,800,True,True,0,0
network_minus_straight_p90,Taipei,all,300,False,False,1315,1860541.47569
network_minus_straight_p90,Taipei,all,300,False,True,0,0
network_minus_straight_p90,Taipei,all,300,True,False,397,435929.599892
network_minus_straight_p90,Taipei,all,300,True,True,163,54295.1866179
network_minus_straight_p90,Taipei,all,500,False,False,1714,2314358.32872
network_minus_straight_p90,Taipei,all,500,False,True,0,0
network_minus_straight_p90,Taipei,all,500,True,False,118,32844.2920552
network_minus_straight_p90,Taipei,all,500,True,True,43,3563.64142363
network_minus_straight_p90,Taipei,all,800,False,False,1824,2345903.37127
network_minus_straight_p90,Taipei,all,800,False,True,0,0
network_minus_straight_p90,Taipei,all,800,True,False,48,4739.68888789
network_minus_straight_p90,Taipei,all,800,True,True,3,123.202041708
network_minus_straight_p90,Taipei,known_zero,300,False,False,0,0
network_minus_straight_p90,Taipei,known_zero,300,False,True,0,0
network_minus_straight_p90,Taipei,known_zero,300,True,False,0,0
network_minus_straight_p90,Taipei,known_zero,300,True,True,0,0
network_minus_straight_p90,Taipei,known_zero,500,False,False,0,0
network_minus_straight_p90,Taipei,known_zero,500,False,True,0,0
network_minus_straight_p90,Taipei,known_zero,500,True,False,0,0
network_minus_straight_p90,Taipei,known_zero,500,True,True,0,0
network_minus_straight_p90,Taipei,known_zero,800,False,False,0,0
network_minus_straight_p90,Taipei,known_zero,800,False,True,0,0
network_minus_straight_p90,Taipei,known_zero,800,True,False,0,0
network_minus_straight_p90,Taipei,known_zero,800,True,True,0,0
network_minus_straight_p90,Taipei,residential_support,300,False,False,517,593381.374137
network_minus_straight_p90,Taipei,residential_support,300,False,True,0,0
network_minus_straight_p90,Taipei,residential_support,300,True,False,225,193264.684347
network_minus_straight_p90,Taipei,residential_support,300,True,True,115,24208.7537519
network_minus_straight_p90,Taipei,residential_support,500,False,False,739,791446.115741
network_minus_straight_p90,Taipei,residential_support,500,False,True,0,0
network_minus_straight_p90,Taipei,residential_support,500,True,False,82,17728.66674
network_minus_straight_p90,Taipei,residential_support,500,True,True,36,1680.02975501
network_minus_straight_p90,Taipei,residential_support,800,False,False,818,808092.10209
network_minus_straight_p90,Taipei,residential_support,800,False,True,0,0
network_minus_straight_p90,Taipei,residential_support,800,True,False,38,2677.71014637
network_minus_straight_p90,Taipei,residential_support,800,True,True,1,85
network_minus_straight_p90,Taipei,uniform_proxy,300,False,False,798,1267160.10155
network_minus_straight_p90,Taipei,uniform_proxy,300,False,True,0,0
network_minus_straight_p90,Taipei,uniform_proxy,300,True,False,172,242664.915545
network_minus_straight_p90,Taipei,uniform_proxy,300,True,True,48,30086.432866
network_minus_straight_p90,Taipei,uniform_proxy,500,False,False,975,1522912.21298
network_minus_straight_p90,Taipei,uniform_proxy,500,False,True,0,0
network_minus_straight_p90,Taipei,uniform_proxy,500,True,False,36,15115.6253152
network_minus_straight_p90,Taipei,uniform_proxy,500,True,True,7,1883.61166862
network_minus_straight_p90,Taipei,uniform_proxy,800,False,False,1006,1537811.26918
network_minus_straight_p90,Taipei,uniform_proxy,800,False,True,0,0
network_minus_straight_p90,Taipei,uniform_proxy,800,True,False,10,2061.97874152
network_minus_straight_p90,Taipei,uniform_proxy,800,True,True,2,38.2020417083
network_minus_straight_p90,Taipei,unknown,300,False,False,0,0
network_minus_straight_p90,Taipei,unknown,300,False,True,0,0
network_minus_straight_p90,Taipei,unknown,300,True,False,0,0
network_minus_straight_p90,Taipei,unknown,300,True,True,0,0
network_minus_straight_p90,Taipei,unknown,500,False,False,0,0
network_minus_straight_p90,Taipei,unknown,500,False,True,0,0
network_minus_straight_p90,Taipei,unknown,500,True,False,0,0
network_minus_straight_p90,Taipei,unknown,500,True,True,0,0
network_minus_straight_p90,Taipei,unknown,800,False,False,0,0
network_minus_straight_p90,Taipei,unknown,800,False,True,0,0
network_minus_straight_p90,Taipei,unknown,800,True,False,0,0
network_minus_straight_p90,Taipei,unknown,800,True,True,0,0
p90_minus_mean,Both,all,300,False,False,3831,4834160.33229
p90_minus_mean,Both,all,300,False,True,0,0
p90_minus_mean,Both,all,300,True,False,520,744638.706621
p90_minus_mean,Both,all,300,True,True,1696,518797.475927
p90_minus_mean,Both,all,500,False,False,5027,5973610.78243
p90_minus_mean,Both,all,500,False,True,1,43.4649551934
p90_minus_mean,Both,all,500,True,False,91,32611.7363248
p90_minus_mean,Both,all,500,True,True,928,91330.5311297
p90_minus_mean,Both,all,800,False,False,5434,6056621.39501
p90_minus_mean,Both,all,800,False,True,0,0
p90_minus_mean,Both,all,800,True,False,28,4385.36295939
p90_minus_mean,Both,all,800,True,True,585,36589.7568761
p90_minus_mean,NewTaipei,all,300,False,False,2516,2973618.85661
p90_minus_mean,NewTaipei,all,300,False,True,0,0
p90_minus_mean,NewTaipei,all,300,True,False,313,431819.413385
p90_minus_mean,NewTaipei,all,300,True,True,1343,341391.982653
p90_minus_mean,NewTaipei,all,500,False,False,3313,3659252.45372
p90_minus_mean,NewTaipei,all,500,False,True,1,43.4649551934
p90_minus_mean,NewTaipei,all,500,True,False,60,18776.4072269
p90_minus_mean,NewTaipei,all,500,True,True,798,68757.9267488
p90_minus_mean,NewTaipei,all,800,False,False,3610,3710718.02374
p90_minus_mean,NewTaipei,all,800,False,True,0,0
p90_minus_mean,NewTaipei,all,800,True,False,25,4034.7151882
p90_minus_mean,NewTaipei,all,800,True,True,537,32077.5137177
p90_minus_mean,NewTaipei,known_zero,300,False,False,0,0
p90_minus_mean,NewTaipei,known_zero,300,False,True,0,0
p90_minus_mean,NewTaipei,known_zero,300,True,False,0,0
p90_minus_mean,NewTaipei,known_zero,300,True,True,0,0
p90_minus_mean,NewTaipei,known_zero,500,False,False,0,0
p90_minus_mean,NewTaipei,known_zero,500,False,True,0,0
p90_minus_mean,NewTaipei,known_zero,500,True,False,0,0
p90_minus_mean,NewTaipei,known_zero,500,True,True,0,0
p90_minus_mean,NewTaipei,known_zero,800,False,False,0,0
p90_minus_mean,NewTaipei,known_zero,800,False,True,0,0
p90_minus_mean,NewTaipei,known_zero,800,True,False,0,0
p90_minus_mean,NewTaipei,known_zero,800,True,True,0,0
p90_minus_mean,NewTaipei,residential_support,300,False,False,971,637428.693814
p90_minus_mean,NewTaipei,residential_support,300,False,True,0,0
p90_minus_mean,NewTaipei,residential_support,300,True,False,123,97895.5901343
p90_minus_mean,NewTaipei,residential_support,300,True,True,950,133960.274879
p90_minus_mean,NewTaipei,residential_support,500,False,False,1346,808851.268194
p90_minus_mean,NewTaipei,residential_support,500,False,True,0,0
p90_minus_mean,NewTaipei,residential_support,500,True,False,44,7610.94471661
p90_minus_mean,NewTaipei,residential_support,500,True,True,654,52822.3459171
p90_minus_mean,NewTaipei,residential_support,800,False,False,1565,838460.27249
p90_minus_mean,NewTaipei,residential_support,800,False,True,0,0
p90_minus_mean,NewTaipei,residential_support,800,True,False,21,3137.0542186
p90_minus_mean,NewTaipei,residential_support,800,True,True,458,27687.2321188
p90_minus_mean,NewTaipei,uniform_proxy,300,False,False,1545,2336190.16279
p90_minus_mean,NewTaipei,uniform_proxy,300,False,True,0,0
p90_minus_mean,NewTaipei,uniform_proxy,300,True,False,190,333923.823251
p90_minus_mean,NewTaipei,uniform_proxy,300,True,True,393,207431.707774
p90_minus_mean,NewTaipei,uniform_proxy,500,False,False,1967,2850401.18552
p90_minus_mean,NewTaipei,uniform_proxy,500,False,True,1,43.4649551934
p90_minus_mean,NewTaipei,uniform_proxy,500,True,False,16,11165.4625103
p90_minus_mean,NewTaipei,uniform_proxy,500,True,True,144,15935.5808317
p90_minus_mean,NewTaipei,uniform_proxy,800,False,False,2045,2872257.75125
p90_minus_mean,NewTaipei,uniform_proxy,800,False,True,0,0
p90_minus_mean,NewTaipei,uniform_proxy,800,True,False,4,897.660969596
p90_minus_mean,NewTaipei,uniform_proxy,800,True,True,79,4390.28159887
p90_minus_mean,NewTaipei,unknown,300,False,False,0,0
p90_minus_mean,NewTaipei,unknown,300,False,True,0,0
p90_minus_mean,NewTaipei,unknown,300,True,False,0,0
p90_minus_mean,NewTaipei,unknown,300,True,True,0,0
p90_minus_mean,NewTaipei,unknown,500,False,False,0,0
p90_minus_mean,NewTaipei,unknown,500,False,True,0,0
p90_minus_mean,NewTaipei,unknown,500,True,False,0,0
p90_minus_mean,NewTaipei,unknown,500,True,True,0,0
p90_minus_mean,NewTaipei,unknown,800,False,False,0,0
p90_minus_mean,NewTaipei,unknown,800,False,True,0,0
p90_minus_mean,NewTaipei,unknown,800,True,False,0,0
p90_minus_mean,NewTaipei,unknown,800,True,True,0,0
p90_minus_mean,Taipei,all,300,False,False,1315,1860541.47569
p90_minus_mean,Taipei,all,300,False,True,0,0
p90_minus_mean,Taipei,all,300,True,False,207,312819.293236
p90_minus_mean,Taipei,all,300,True,True,353,177405.493274
p90_minus_mean,Taipei,all,500,False,False,1714,2314358.32872
p90_minus_mean,Taipei,all,500,False,True,0,0
p90_minus_mean,Taipei,all,500,True,False,31,13835.3290979
p90_minus_mean,Taipei,all,500,True,True,130,22572.6043809
p90_minus_mean,Taipei,all,800,False,False,1824,2345903.37127
p90_minus_mean,Taipei,all,800,False,True,0,0
p90_minus_mean,Taipei,all,800,True,False,3,350.64777119
p90_minus_mean,Taipei,all,800,True,True,48,4512.24315841
p90_minus_mean,Taipei,known_zero,300,False,False,0,0
p90_minus_mean,Taipei,known_zero,300,False,True,0,0
p90_minus_mean,Taipei,known_zero,300,True,False,0,0
p90_minus_mean,Taipei,known_zero,300,True,True,0,0
p90_minus_mean,Taipei,known_zero,500,False,False,0,0
p90_minus_mean,Taipei,known_zero,500,False,True,0,0
p90_minus_mean,Taipei,known_zero,500,True,False,0,0
p90_minus_mean,Taipei,known_zero,500,True,True,0,0
p90_minus_mean,Taipei,known_zero,800,False,False,0,0
p90_minus_mean,Taipei,known_zero,800,False,True,0,0
p90_minus_mean,Taipei,known_zero,800,True,False,0,0
p90_minus_mean,Taipei,known_zero,800,True,True,0,0
p90_minus_mean,Taipei,residential_support,300,False,False,517,593381.374137
p90_minus_mean,Taipei,residential_support,300,False,True,0,0
p90_minus_mean,Taipei,residential_support,300,True,False,96,125054.703915
p90_minus_mean,Taipei,residential_support,300,True,True,244,92418.7341841
p90_minus_mean,Taipei,residential_support,500,False,False,739,791446.115741
p90_minus_mean,Taipei,residential_support,500,False,True,0,0
p90_minus_mean,Taipei,residential_support,500,True,False,24,9171.11346059
p90_minus_mean,Taipei,residential_support,500,True,True,94,10237.5830344
p90_minus_mean,Taipei,residential_support,800,False,False,818,808092.10209
p90_minus_mean,Taipei,residential_support,800,False,True,0,0
p90_minus_mean,Taipei,residential_support,800,True,False,3,350.64777119
p90_minus_mean,Taipei,residential_support,800,True,True,36,2412.06237518
p90_minus_mean,Taipei,uniform_proxy,300,False,False,798,1267160.10155
p90_minus_mean,Taipei,uniform_proxy,300,False,True,0,0
p90_minus_mean,Taipei,uniform_proxy,300,True,False,111,187764.589321
p90_minus_mean,Taipei,uniform_proxy,300,True,True,109,84986.7590901
p90_minus_mean,Taipei,uniform_proxy,500,False,False,975,1522912.21298
p90_minus_mean,Taipei,uniform_proxy,500,False,True,0,0
p90_minus_mean,Taipei,uniform_proxy,500,True,False,7,4664.21563732
p90_minus_mean,Taipei,uniform_proxy,500,True,True,36,12335.0213465
p90_minus_mean,Taipei,uniform_proxy,800,False,False,1006,1537811.26918
p90_minus_mean,Taipei,uniform_proxy,800,False,True,0,0
p90_minus_mean,Taipei,uniform_proxy,800,True,False,0,0
p90_minus_mean,Taipei,uniform_proxy,800,True,True,12,2100.18078323
p90_minus_mean,Taipei,unknown,300,False,False,0,0
p90_minus_mean,Taipei,unknown,300,False,True,0,0
p90_minus_mean,Taipei,unknown,300,True,False,0,0
p90_minus_mean,Taipei,unknown,300,True,True,0,0
p90_minus_mean,Taipei,unknown,500,False,False,0,0
p90_minus_mean,Taipei,unknown,500,False,True,0,0
p90_minus_mean,Taipei,unknown,500,True,False,0,0
p90_minus_mean,Taipei,unknown,500,True,True,0,0
p90_minus_mean,Taipei,unknown,800,False,False,0,0
p90_minus_mean,Taipei,unknown,800,False,True,0,0
p90_minus_mean,Taipei,unknown,800,True,False,0,0
p90_minus_mean,Taipei,unknown,800,True,True,0,0
representative_minus_mean,Both,all,300,False,False,3374,4921741.84099
representative_minus_mean,Both,all,300,False,True,193,119079.091344
representative_minus_mean,Both,all,300,True,False,610,380931.653567
representative_minus_mean,Both,all,300,True,True,1318,371251.048886
representative_minus_mean,Both,all,500,False,False,4397,5635114.34687
representative_minus_mean,Both,all,500,False,True,77,16059.2448939
representative_minus_mean,Both,all,500,True,False,285,72215.3330396
representative_minus_mean,Both,all,500,True,True,736,69614.7099854
representative_minus_mean,Both,all,800,False,False,4866,5740001.54623
representative_minus_mean,Both,all,800,False,True,37,3537.61803167
representative_minus_mean,Both,all,800,True,False,115,18460.1779054
representative_minus_mean,Both,all,800,True,True,477,31004.2926237
representative_minus_mean,NewTaipei,all,300,False,False,2161,2979415.98879
representative_minus_mean,NewTaipei,all,300,False,True,144,80819.9500865
representative_minus_mean,NewTaipei,all,300,True,False,436,268772.037575
representative_minus_mean,NewTaipei,all,300,True,True,1048,241580.309043
representative_minus_mean,NewTaipei,all,500,False,False,2896,3459303.32029
representative_minus_mean,NewTaipei,all,500,False,True,60,10630.098888
representative_minus_mean,NewTaipei,all,500,True,False,198,45820.5305364
representative_minus_mean,NewTaipei,all,500,True,True,635,54834.3357808
representative_minus_mean,NewTaipei,all,800,False,False,3229,3525864.58935
representative_minus_mean,NewTaipei,all,800,False,True,31,3422.45002146
representative_minus_mean,NewTaipei,all,800,True,False,90,14056.6611053
representative_minus_mean,NewTaipei,all,800,True,True,439,27244.58501
representative_minus_mean,NewTaipei,known_zero,300,False,False,0,0
representative_minus_mean,NewTaipei,known_zero,300,False,True,0,0
representative_minus_mean,NewTaipei,known_zero,300,True,False,0,0
representative_minus_mean,NewTaipei,known_zero,300,True,True,0,0
representative_minus_mean,NewTaipei,known_zero,500,False,False,0,0
representative_minus_mean,NewTaipei,known_zero,500,False,True,0,0
representative_minus_mean,NewTaipei,known_zero,500,True,False,0,0
representative_minus_mean,NewTaipei,known_zero,500,True,True,0,0
representative_minus_mean,NewTaipei,known_zero,800,False,False,0,0
representative_minus_mean,NewTaipei,known_zero,800,False,True,0,0
representative_minus_mean,NewTaipei,known_zero,800,True,False,0,0
representative_minus_mean,NewTaipei,known_zero,800,True,True,0,0
representative_minus_mean,NewTaipei,residential_support,300,False,False,768,617607.443175
representative_minus_mean,NewTaipei,residential_support,300,False,True,63,18217.8787209
representative_minus_mean,NewTaipei,residential_support,300,True,False,220,76534.8391173
representative_minus_mean,NewTaipei,residential_support,300,True,True,764,107927.437932
representative_minus_mean,NewTaipei,residential_support,500,False,False,1129,753400.434112
representative_minus_mean,NewTaipei,residential_support,500,False,True,39,7648.90050191
representative_minus_mean,NewTaipei,residential_support,500,True,False,124,16423.8828653
representative_minus_mean,NewTaipei,residential_support,500,True,True,523,42814.3814655
representative_minus_mean,NewTaipei,residential_support,800,False,False,1356,787077.019772
representative_minus_mean,NewTaipei,residential_support,800,False,True,21,3044.88405312
representative_minus_mean,NewTaipei,residential_support,800,True,False,64,6728.88614411
representative_minus_mean,NewTaipei,residential_support,800,True,True,374,23436.8089753
representative_minus_mean,NewTaipei,uniform_proxy,300,False,False,1393,2361808.54561
representative_minus_mean,NewTaipei,uniform_proxy,300,False,True,81,62602.0713657
representative_minus_mean,NewTaipei,uniform_proxy,300,True,False,216,192237.198457
representative_minus_mean,NewTaipei,uniform_proxy,300,True,True,284,133652.871111
representative_minus_mean,NewTaipei,uniform_proxy,500,False,False,1767,2705902.88617
representative_minus_mean,NewTaipei,uniform_proxy,500,False,True,21,2981.19838609
representative_minus_mean,NewTaipei,uniform_proxy,500,True,False,74,29396.6476711
representative_minus_mean,NewTaipei,uniform_proxy,500,True,True,112,12019.9543153
representative_minus_mean,NewTaipei,uniform_proxy,800,False,False,1873,2738787.56958
representative_minus_mean,NewTaipei,uniform_proxy,800,False,True,10,377.565968337
representative_minus_mean,NewTaipei,uniform_proxy,800,True,False,26,7327.77496117
representative_minus_mean,NewTaipei,uniform_proxy,800,True,True,65,3807.77603478
representative_minus_mean,NewTaipei,unknown,300,False,False,0,0
representative_minus_mean,NewTaipei,unknown,300,False,True,0,0
representative_minus_mean,NewTaipei,unknown,300,True,False,0,0
representative_minus_mean,NewTaipei,unknown,300,True,True,0,0
representative_minus_mean,NewTaipei,unknown,500,False,False,0,0
representative_minus_mean,NewTaipei,unknown,500,False,True,0,0
representative_minus_mean,NewTaipei,unknown,500,True,False,0,0
representative_minus_mean,NewTaipei,unknown,500,True,True,0,0
representative_minus_mean,NewTaipei,unknown,800,False,False,0,0
representative_minus_mean,NewTaipei,unknown,800,False,True,0,0
representative_minus_mean,NewTaipei,unknown,800,True,False,0,0
representative_minus_mean,NewTaipei,unknown,800,True,True,0,0
representative_minus_mean,Taipei,all,300,False,False,1213,1942325.85221
representative_minus_mean,Taipei,all,300,False,True,49,38259.1412573
representative_minus_mean,Taipei,all,300,True,False,174,112159.615993
representative_minus_mean,Taipei,all,300,True,True,270,129670.739843
representative_minus_mean,Taipei,all,500,False,False,1501,2175811.02659
representative_minus_mean,Taipei,all,500,False,True,17,5429.14600592
representative_minus_mean,Taipei,all,500,True,False,87,26394.8025032
representative_minus_mean,Taipei,all,500,True,True,101,14780.3742046
representative_minus_mean,Taipei,all,800,False,False,1637,2214136.95688
representative_minus_mean,Taipei,all,800,False,True,6,115.168010212
representative_minus_mean,Taipei,all,800,True,False,25,4403.51680012
representative_minus_mean,Taipei,all,800,True,True,38,3759.70761367
representative_minus_mean,Taipei,known_zero,300,False,False,0,0
representative_minus_mean,Taipei,known_zero,300,False,True,0,0
representative_minus_mean,Taipei,known_zero,300,True,False,0,0
representative_minus_mean,Taipei,known_zero,300,True,True,0,0
representative_minus_mean,Taipei,known_zero,500,False,False,0,0
representative_minus_mean,Taipei,known_zero,500,False,True,0,0
representative_minus_mean,Taipei,known_zero,500,True,False,0,0
representative_minus_mean,Taipei,known_zero,500,True,True,0,0
representative_minus_mean,Taipei,known_zero,800,False,False,0,0
representative_minus_mean,Taipei,known_zero,800,False,True,0,0
representative_minus_mean,Taipei,known_zero,800,True,False,0,0
representative_minus_mean,Taipei,known_zero,800,True,True,0,0
representative_minus_mean,Taipei,residential_support,300,False,False,457,620234.778632
representative_minus_mean,Taipei,residential_support,300,False,True,33,19692.1145275
representative_minus_mean,Taipei,residential_support,300,True,False,96,56353.4289733
representative_minus_mean,Taipei,residential_support,300,True,True,193,69056.2710994
representative_minus_mean,Taipei,residential_support,500,False,False,635,739204.39527
representative_minus_mean,Taipei,residential_support,500,False,True,8,1326.67278872
representative_minus_mean,Taipei,residential_support,500,True,False,57,16835.2910209
representative_minus_mean,Taipei,residential_support,500,True,True,79,7970.23415308
representative_minus_mean,Taipei,residential_support,800,False,False,728,760013.435711
representative_minus_mean,Taipei,residential_support,800,False,True,4,33.1704026531
representative_minus_mean,Taipei,residential_support,800,True,False,17,3513.8779407
representative_minus_mean,Taipei,residential_support,800,True,True,30,1776.10917777
representative_minus_mean,Taipei,uniform_proxy,300,False,False,756,1322091.07358
representative_minus_mean,Taipei,uniform_proxy,300,False,True,16,18567.0267298
representative_minus_mean,Taipei,uniform_proxy,300,True,False,78,55806.1870193
representative_minus_mean,Taipei,uniform_proxy,300,True,True,77,60614.4687436
representative_minus_mean,Taipei,uniform_proxy,500,False,False,866,1436606.63132
representative_minus_mean,Taipei,uniform_proxy,500,False,True,9,4102.4732172
representative_minus_mean,Taipei,uniform_proxy,500,True,False,30,9559.51148228
representative_minus_mean,Taipei,uniform_proxy,500,True,True,22,6810.14005149
representative_minus_mean,Taipei,uniform_proxy,800,False,False,909,1454123.52116
representative_minus_mean,Taipei,uniform_proxy,800,False,True,2,81.9976075589
representative_minus_mean,Taipei,uniform_proxy,800,True,False,8,889.638859421
representative_minus_mean,Taipei,uniform_proxy,800,True,True,8,1983.59843589
representative_minus_mean,Taipei,unknown,300,False,False,0,0
representative_minus_mean,Taipei,unknown,300,False,True,0,0
representative_minus_mean,Taipei,unknown,300,True,False,0,0
representative_minus_mean,Taipei,unknown,300,True,True,0,0
representative_minus_mean,Taipei,unknown,500,False,False,0,0
representative_minus_mean,Taipei,unknown,500,False,True,0,0
representative_minus_mean,Taipei,unknown,500,True,False,0,0
representative_minus_mean,Taipei,unknown,500,True,True,0,0
representative_minus_mean,Taipei,unknown,800,False,False,0,0
representative_minus_mean,Taipei,unknown,800,False,True,0,0
representative_minus_mean,Taipei,unknown,800,True,False,0,0
representative_minus_mean,Taipei,unknown,800,True,True,0,0
representative_minus_p90,Both,all,300,False,False,3021,4390181.0292
representative_minus_p90,Both,all,300,False,True,546,650639.903142
representative_minus_p90,Both,all,300,True,False,471,204643.589525
representative_minus_p90,Both,all,300,True,True,1457,547539.112928
representative_minus_p90,Both,all,500,False,False,4340,5616332.22058
representative_minus_p90,Both,all,500,False,True,134,34841.3711826
representative_minus_p90,Both,all,500,True,False,256,59930.3514506
representative_minus_p90,Both,all,500,True,True,765,81899.6915743
representative_minus_p90,Both,all,800,False,False,4849,5736081.51835
representative_minus_p90,Both,all,800,False,True,54,7457.64590862
representative_minus_p90,Both,all,800,True,False,105,18010.9515171
representative_minus_p90,Both,all,800,True,True,487,31453.519012
representative_minus_p90,NewTaipei,all,300,False,False,1947,2679909.42943
representative_minus_p90,NewTaipei,all,300,False,True,358,380326.509443
representative_minus_p90,NewTaipei,all,300,True,False,354,155333.808053
representative_minus_p90,NewTaipei,all,300,True,True,1130,355018.538565
representative_minus_p90,NewTaipei,all,500,False,False,2855,3445909.78476
representative_minus_p90,NewTaipei,all,500,False,True,101,24023.6344135
representative_minus_p90,NewTaipei,all,500,True,False,181,40491.4946028
representative_minus_p90,NewTaipei,all,500,True,True,652,60163.3717144
representative_minus_p90,NewTaipei,all,800,False,False,3214,3522261.1998
representative_minus_p90,NewTaipei,all,800,False,True,46,7025.8395781
representative_minus_p90,NewTaipei,all,800,True,False,81,13641.4441678
representative_minus_p90,NewTaipei,all,800,True,True,448,27659.8019475
representative_minus_p90,NewTaipei,known_zero,300,False,False,0,0
representative_minus_p90,NewTaipei,known_zero,300,False,True,0,0
representative_minus_p90,NewTaipei,known_zero,300,True,False,0,0
representative_minus_p90,NewTaipei,known_zero,300,True,True,0,0
representative_minus_p90,NewTaipei,known_zero,500,False,False,0,0
representative_minus_p90,NewTaipei,known_zero,500,False,True,0,0
representative_minus_p90,NewTaipei,known_zero,500,True,False,0,0
representative_minus_p90,NewTaipei,known_zero,500,True,True,0,0
representative_minus_p90,NewTaipei,known_zero,800,False,False,0,0
representative_minus_p90,NewTaipei,known_zero,800,False,True,0,0
representative_minus_p90,NewTaipei,known_zero,800,True,False,0,0
representative_minus_p90,NewTaipei,known_zero,800,True,True,0,0
representative_minus_p90,NewTaipei,residential_support,300,False,False,688,557672.655752
representative_minus_p90,NewTaipei,residential_support,300,False,True,143,78152.6661437
representative_minus_p90,NewTaipei,residential_support,300,True,False,185,46580.539194
representative_minus_p90,NewTaipei,residential_support,300,True,True,799,137881.737855
representative_minus_p90,NewTaipei,residential_support,500,False,False,1100,747490.341738
representative_minus_p90,NewTaipei,residential_support,500,False,True,68,13558.9928763
representative_minus_p90,NewTaipei,residential_support,500,True,False,110,14733.4013356
representative_minus_p90,NewTaipei,residential_support,500,True,True,537,44504.8629951
representative_minus_p90,NewTaipei,residential_support,800,False,False,1344,784276.882519
representative_minus_p90,NewTaipei,residential_support,800,False,True,33,5845.02130653
representative_minus_p90,NewTaipei,residential_support,800,True,False,56,6408.07787305
representative_minus_p90,NewTaipei,residential_support,800,True,True,382,23757.6172463
representative_minus_p90,NewTaipei,uniform_proxy,300,False,False,1259,2122236.77368
representative_minus_p90,NewTaipei,uniform_proxy,300,False,True,215,302173.843299
representative_minus_p90,NewTaipei,uniform_proxy,300,True,False,169,108753.268859
representative_minus_p90,NewTaipei,uniform_proxy,300,True,True,331,217136.800709
representative_minus_p90,NewTaipei,uniform_proxy,500,False,False,1755,2698419.44302
representative_minus_p90,NewTaipei,uniform_proxy,500,False,True,33,10464.6415372
representative_minus_p90,NewTaipei,uniform_proxy,500,True,False,71,25758.0932672
representative_minus_p90,NewTaipei,uniform_proxy,500,True,True,115,15658.5087193
representative_minus_p90,NewTaipei,uniform_proxy,800,False,False,1870,2737984.31728
representative_minus_p90,NewTaipei,uniform_proxy,800,False,True,13,1180.81827156
representative_minus_p90,NewTaipei,uniform_proxy,800,True,False,25,7233.3662948
representative_minus_p90,NewTaipei,uniform_proxy,800,True,True,66,3902.18470115
representative_minus_p90,NewTaipei,unknown,300,False,False,0,0
representative_minus_p90,NewTaipei,unknown,300,False,True,0,0
representative_minus_p90,NewTaipei,unknown,300,True,False,0,0
representative_minus_p90,NewTaipei,unknown,300,True,True,0,0
representative_minus_p90,NewTaipei,unknown,500,False,False,0,0
representative_minus_p90,NewTaipei,unknown,500,False,True,0,0
representative_minus_p90,NewTaipei,unknown,500,True,False,0,0
representative_minus_p90,NewTaipei,unknown,500,True,True,0,0
representative_minus_p90,NewTaipei,unknown,800,False,False,0,0
representative_minus_p90,NewTaipei,unknown,800,False,True,0,0
representative_minus_p90,NewTaipei,unknown,800,True,False,0,0
representative_minus_p90,NewTaipei,unknown,800,True,True,0,0
representative_minus_p90,Taipei,all,300,False,False,1074,1710271.59977
representative_minus_p90,Taipei,all,300,False,True,188,270313.3937
representative_minus_p90,Taipei,all,300,True,False,117,49309.7814721
representative_minus_p90,Taipei,all,300,True,True,327,192520.574363
representative_minus_p90,Taipei,all,500,False,False,1485,2170422.43582
representative_minus_p90,Taipei,all,500,False,True,33,10817.7367691
representative_minus_p90,Taipei,all,500,True,False,75,19438.8568478
representative_minus_p90,Taipei,all,500,True,True,113,21736.3198599
representative_minus_p90,Taipei,all,800,False,False,1635,2213820.31856
representative_minus_p90,Taipei,all,800,False,True,8,431.806330521
representative_minus_p90,Taipei,all,800,True,False,24,4369.50734924
representative_minus_p90,Taipei,all,800,True,True,39,3793.71706455
representative_minus_p90,Taipei,known_zero,300,False,False,0,0
representative_minus_p90,Taipei,known_zero,300,False,True,0,0
representative_minus_p90,Taipei,known_zero,300,True,False,0,0
representative_minus_p90,Taipei,known_zero,300,True,True,0,0
representative_minus_p90,Taipei,known_zero,500,False,False,0,0
representative_minus_p90,Taipei,known_zero,500,False,True,0,0
representative_minus_p90,Taipei,known_zero,500,True,False,0,0
representative_minus_p90,Taipei,known_zero,500,True,True,0,0
representative_minus_p90,Taipei,known_zero,800,False,False,0,0
representative_minus_p90,Taipei,known_zero,800,False,True,0,0
representative_minus_p90,Taipei,known_zero,800,True,False,0,0
representative_minus_p90,Taipei,known_zero,800,True,True,0,0
representative_minus_p90,Taipei,residential_support,300,False,False,397,530440.275337
representative_minus_p90,Taipei,residential_support,300,False,True,93,109486.617823
representative_minus_p90,Taipei,residential_support,300,True,False,63,23670.4898567
representative_minus_p90,Taipei,residential_support,300,True,True,226,101739.210216
representative_minus_p90,Taipei,residential_support,500,False,False,623,737734.536564
representative_minus_p90,Taipei,residential_support,500,False,True,20,2796.53149456
representative_minus_p90,Taipei,residential_support,500,True,False,47,10539.1130176
representative_minus_p90,Taipei,residential_support,500,True,True,89,14266.4121564
representative_minus_p90,Taipei,residential_support,800,False,False,726,759696.797391
representative_minus_p90,Taipei,residential_support,800,False,True,6,349.808722962
representative_minus_p90,Taipei,residential_support,800,True,False,16,3479.86848981
representative_minus_p90,Taipei,residential_support,800,True,True,31,1810.11862866
representative_minus_p90,Taipei,uniform_proxy,300,False,False,677,1179831.32443
representative_minus_p90,Taipei,uniform_proxy,300,False,True,95,160826.775877
representative_minus_p90,Taipei,uniform_proxy,300,True,False,54,25639.2916155
representative_minus_p90,Taipei,uniform_proxy,300,True,True,101,90781.3641474
representative_minus_p90,Taipei,uniform_proxy,500,False,False,862,1432687.89926
representative_minus_p90,Taipei,uniform_proxy,500,False,True,13,8021.20527451
representative_minus_p90,Taipei,uniform_proxy,500,True,False,28,8899.74383019
representative_minus_p90,Taipei,uniform_proxy,500,True,True,24,7469.90770358
representative_minus_p90,Taipei,uniform_proxy,800,False,False,909,1454123.52116
representative_minus_p90,Taipei,uniform_proxy,800,False,True,2,81.9976075589
representative_minus_p90,Taipei,uniform_proxy,800,True,False,8,889.638859421
representative_minus_p90,Taipei,uniform_proxy,800,True,True,8,1983.59843589
representative_minus_p90,Taipei,unknown,300,False,False,0,0
representative_minus_p90,Taipei,unknown,300,False,True,0,0
representative_minus_p90,Taipei,unknown,300,True,False,0,0
representative_minus_p90,Taipei,unknown,300,True,True,0,0
representative_minus_p90,Taipei,unknown,500,False,False,0,0
representative_minus_p90,Taipei,unknown,500,False,True,0,0
representative_minus_p90,Taipei,unknown,500,True,False,0,0
representative_minus_p90,Taipei,unknown,500,True,True,0,0
representative_minus_p90,Taipei,unknown,800,False,False,0,0
representative_minus_p90,Taipei,unknown,800,False,True,0,0
representative_minus_p90,Taipei,unknown,800,True,False,0,0
representative_minus_p90,Taipei,unknown,800,True,True,0,0
